Player,WS,ORtg,DRtg,OWS,DWS,OBPM,DBPM,BPM,VORP,PER,ORB_PCT,DRB_PCT,TRB_PCT,AST_PCT,STL_PCT,BLK_PCT,TOV_PCT,USG_PCT
James Harden,15.4,120,105,11.6,3.8,8.5,1.4,9.9,7.7,29.8,1.8,15.2,8.6,45.1,2.4,1.7,15.1,36.1
Karl-Anthony Towns,14,127,107,10.6,3.4,4.9,0.2,5.1,5.2,24.9,9.3,30.9,20,10.8,1.1,3.5,10.5,22.9
LeBron James,14,118,109,11,3,7.3,1.4,8.7,8.2,28.6,3.7,22.3,13.1,44.4,1.9,2,16.1,31.6
Anthony Davis,13.7,119,102,8.8,4.9,5.3,1.4,6.7,5.9,28.9,7.7,24.8,16.5,10.8,2,5.6,8.6,30
Damian Lillard,12.6,120,109,9.9,2.7,7,0.3,7.2,6.3,25.2,2.6,10.6,6.6,30.9,1.4,0.8,11.1,30.6
Giannis Antetokounmpo,11.9,116,106,8.3,3.6,5.3,0.9,6.2,5.7,27.3,6.7,25.3,16,23.7,2,3.3,11.7,31.2
LaMarcus Aldridge,10.9,118,105,7.4,3.5,4.3,-0.4,3.9,3.7,25,10.8,17.3,14,11.3,0.9,3,6.8,29.1
Nikola Jokić,10.7,121,107,7.8,2.9,5.3,1.6,6.9,5.5,24.4,9,27.9,18.5,29.6,1.8,2.1,15.5,24.2
Kevin Durant,10.4,119,107,7.5,2.9,6.7,0.6,7.3,5.5,26,1.6,19.5,11.2,25.5,1,4,12.9,30.4
Andre Drummond,10.3,113,99,4.6,5.7,1.5,1.7,3.2,3.4,22.9,16.4,36.4,26.2,14.3,2.2,4.3,15.9,21.2
Clint Capela,10.2,126,101,6.2,4.1,2.4,1,3.4,2.8,24.5,13.5,30.8,22.2,5.7,1.4,5.7,11.5,19.4
Chris Paul,10.2,126,105,7.5,2.7,5.2,1.8,7.1,4.2,24.4,2.3,16.7,9.5,40.9,2.6,0.6,12.5,24.5
Kyle Lowry,10.2,120,107,7,3.1,4.7,0.5,5.2,4.5,19.5,3,16.1,9.7,30.9,1.7,0.6,14.7,21.7
Russell Westbrook,10.1,109,104,5.5,4.5,4.8,1.5,6.3,6.1,24.7,5.6,25.7,15.3,49.8,2.5,0.6,16.4,34.1
Steven Adams,9.7,125,107,6.7,3,1.7,-0.6,1.1,2,20.6,16.6,13.9,15.3,5.5,1.8,2.8,13.3,16.7
DeMar DeRozan,9.6,114,109,6.8,2.8,3.3,-0.6,2.8,3.2,21,2.5,10.4,6.5,25,1.5,0.6,9.5,29.6
DeAndre Jordan,9.4,125,105,6,3.4,1.7,-0.3,1.4,2.1,20.2,15.1,37.6,26.5,7.1,0.8,2.4,16.1,15.2
Ben Simmons,9.2,111,102,4.2,5,2,2.5,4.5,4.5,20,5.9,19.5,13,37.4,2.5,2.1,19.5,22.3
Stephen Curry,9.1,125,108,7.2,1.9,7.8,0,7.7,4,28.2,2.7,14.4,9,30.3,2.4,0.4,13.3,31
Jimmy Butler,8.9,122,110,7.1,1.8,5,0.7,5.8,4.2,23.7,4.2,12.7,8.4,20.6,2.7,1,8.9,24.9
Kyrie Irving,8.9,118,106,6.3,2.7,6.4,0.9,7.3,4.5,25,1.9,10.8,6.4,30.7,1.7,0.7,10.4,31
Paul George,8.9,112,106,5,3.9,2.3,0.6,2.9,3.6,18.7,2.7,14.9,8.6,14.5,2.8,1.2,12.2,25.7
Kemba Walker,8.6,115,111,6.5,2,4.7,-0.7,4,4.2,20.6,1.2,8.7,4.9,27.4,1.6,0.7,10.4,27.4
Victor Oladipo,8.2,110,104,4.3,4,4.1,1.7,5.8,5,23.1,2.1,15.1,8.6,21.2,3.5,2,12.7,30.1
Otto Porter Jr.,8.1,120,107,5,3.1,2.6,1,3.5,3.4,18.3,4.8,18.1,11.4,10.1,2.4,1.5,7.4,18.4
Rudy Gobert,8.1,122,99,4.2,3.9,0.9,2.5,3.4,2.5,20.7,10.4,27,18.8,6.9,1.2,6,15.7,16.9
Derrick Favors,8,119,104,4.5,3.5,0.9,0.7,1.5,1.9,18.8,10.6,18.5,14.6,7.8,1.3,3.2,9.9,18.5
Al Horford,7.8,115,103,4,3.8,2.4,2,4.4,3.7,17.6,5,20.2,12.7,23.6,0.9,2.9,14.1,18.4
Darren Collison,7.6,126,110,5.8,1.8,2.4,0.3,2.7,2.4,18.8,2.1,7.8,5,26.4,2.3,0.7,10.9,17.4
Joe Ingles,7.6,115,106,4,3.6,1,1.3,2.3,2.8,14.4,1.1,13.9,7.6,22.9,1.8,0.7,17.4,15.9
Jonas Valančiūnas,7.6,120,103,4.6,3,2.4,0,2.4,1.9,22.5,12.1,30.3,21.4,7.5,0.8,3.2,12.9,22.7
Enes Freedom,7.6,122,108,5.5,2.1,3.3,-1.1,2.2,1.9,24,16.6,30.6,23.6,9.4,1,1.7,13.3,21.8
Taj Gibson,7.2,123,112,5.4,1.7,0.1,-0.7,-0.5,1,15.4,8.1,16.7,12.4,5.2,1.1,1.9,9.8,14.7
Jrue Holiday,7.1,110,109,4.2,2.9,1.3,0.3,1.6,2.7,17.8,2.4,10.8,6.8,24.9,2,1.7,13.6,23.1
Jayson Tatum,7.1,111,103,3,4,0,1.2,1.2,2,15.2,2.3,15.6,9,8.3,1.7,2,10.7,19.4
Bradley Beal,6.9,109,110,4.4,2.5,2.9,-0.7,2.2,3.1,18.4,2.3,11.5,6.9,21,1.6,1.1,11.5,27.6
Khris Middleton,6.9,111,111,4.6,2.3,0.8,-0.8,0,1.5,17.4,1.8,15,8.4,17.7,2,0.6,11.8,24.6
Dwight Howard,6.8,108,104,2.9,3.9,-0.3,0.1,-0.1,1.2,20.5,11,33.8,22.2,7.1,1,4.4,15.1,24.2
Lou Williams,6.7,112,113,5.5,1.2,4.2,-1.8,2.3,2.8,20.2,1.7,6.6,4.2,26.3,1.6,0.6,13.1,29.8
Tobias Harris,6.7,112,110,4.2,2.5,2.3,-0.4,1.9,2.6,17.1,2.4,15.7,9,11.8,1.3,1.1,7.4,23.3
Dwight Powell,6.6,129,107,4.6,2.1,0.6,1,1.6,1.5,18.8,8.7,21.3,14.7,8.5,2,1.7,10.3,15.5
J.J. Redick,6.6,119,110,4.8,1.8,2.2,-1.1,1.1,1.7,15.9,0.5,8.3,4.5,15.1,0.8,0.2,9.6,21.7
Julius Randle,6.6,112,107,4,2.6,0.6,0,0.6,1.4,19.9,8.9,22.8,15.9,15.8,0.9,1.7,16.3,25.3
Dario Šarić,6.6,113,107,3.8,2.8,1.8,-0.5,1.3,1.9,15.8,7.5,16.4,12.1,13,1.1,0.7,13.1,20.9
CJ McCollum,6.6,108,109,3.7,2.9,1.8,-0.5,1.2,2.4,17,2,9.9,6,15.8,1.3,1,8.6,26.5
Kevin Love,6.4,120,109,4.7,1.6,4.5,-1.3,3.3,2.2,22.4,7,29.8,18.6,9.8,1.3,1.2,9.6,25.1
Kyle Anderson,6.2,114,101,2.4,3.8,-0.4,3.3,2.9,2.4,15.9,4.7,17.6,11.1,14.7,2.9,2.5,15.8,13.5
Will Barton,6.2,113,112,4.4,1.8,1.6,-0.4,1.1,2.1,16.2,3,14.2,8.6,18.5,1.5,1.6,11.7,20.7
Joel Embiid,6.2,106,100,2.3,3.8,2,1.3,3.3,2.6,22.9,8.4,29.7,19.4,18,1,4.8,15.6,33.4
Robert Covington,6.1,107,103,1.6,4.5,-0.2,1.7,1.5,2.3,12.9,2.4,15.5,9.2,8.7,2.6,2.4,12.3,17.2
Draymond Green,6.1,110,105,2.6,3.4,0.9,1.9,2.8,2.8,16.1,3.9,21.1,13.1,29,2,3.1,22.5,17.2
Pau Gasol,6,112,102,2.7,3.3,1.5,1.9,3.4,2.5,18.9,7.8,30.2,19,20.1,0.7,3.6,13.1,20.4
Larry Nance Jr.,5.8,125,104,3.5,2.3,0.9,1.5,2.4,1.6,20.2,12.4,22,17.3,8.6,3,2.2,9.7,15.9
Spencer Dinwiddie,5.7,114,112,4.3,1.4,1.3,-0.7,0.6,1.5,15.9,1.8,10.2,6,35,1.4,0.7,11.8,20.3
Eric Bledsoe,5.6,109,108,3.1,2.5,2.3,0.3,2.5,2.6,19.7,2.6,11.7,7.1,25.7,3.2,1.5,16.1,26.1
Terry Rozier,5.6,109,104,2.2,3.4,0.9,1.2,2.1,2.1,15.1,3.4,16.3,9.9,17.5,1.9,0.8,8.5,20.4
Jakob Poeltl,5.6,122,104,3.1,2.4,-0.7,1.1,0.4,0.9,17.5,12.4,16.4,14.4,5.4,1.3,5.2,16.6,14.8
Jamal Murray,5.5,112,113,4.3,1.2,1.2,-1.5,-0.3,1.1,16.1,3.6,9.4,6.5,16.4,1.5,0.9,12.8,22.8
Montrezl Harrell,5.5,124,109,4.3,1.3,3.1,0.2,3.3,1.7,24.7,8.9,17,13,10.1,1.4,3.4,9.5,23.8
Kelly Olynyk,5.5,112,105,2.8,2.7,1.1,1.2,2.3,1.9,17.8,5.6,21.6,13.6,18.7,1.7,1.7,17.1,21.7
Thaddeus Young,5.5,108,107,2.3,3.2,-0.2,0.4,0.2,1.4,14.8,8,14.1,11.1,8.5,2.6,1.2,10.4,17.3
Gary Harris,5.5,115,112,3.9,1.5,1,-0.2,0.8,1.7,16.5,1.8,6.8,4.3,13,2.6,0.5,10.8,20.7
John Collins,5.4,117,108,3.4,2,-0.4,0.2,-0.2,0.8,18.3,11,22.8,16.9,8.9,1.3,3.8,14.3,17.9
Bojan Bogdanović,5.4,114,112,3.8,1.6,0.5,-1.2,-0.7,0.8,13.9,1.4,10.9,6.2,7.1,1.1,0.3,10.1,19
Josh Richardson,5.4,106,106,1.8,3.5,-0.6,1.3,0.7,1.8,13.6,2.9,9,6,13.2,2.3,2.4,12.9,18.2
Jerami Grant,5.4,122,108,3.5,1.9,0,0.3,0.3,1,16.2,5.6,16.3,10.7,5.1,0.9,4.2,8.8,16
Trevor Ariza,5.3,114,107,2.6,2.8,0,0.7,0.7,1.5,11.8,1.7,12.9,7.3,6.8,2.1,0.5,7,14.4
Anthony Tolliver,5.3,126,110,3.8,1.5,1.2,-0.3,0.9,1.3,13.9,3.1,12.3,7.6,7.5,0.9,1.1,9.9,14.8
Hassan Whiteside,5.3,111,99,2.3,3,1.5,1.1,2.6,1.6,24.1,14.3,36.6,25.4,6.9,1.4,5.9,12.3,24.7
Kentavious Caldwell-Pope,5.3,111,108,2.6,2.7,-0.4,0.6,0.3,1.4,13.2,2.6,14.1,8.4,9.4,2.1,0.5,9.9,16.9
Goran Dragić,5.3,108,109,2.9,2.3,0.9,-0.6,0.3,1.4,16.6,2.5,11.9,7.2,25.4,1.3,0.4,12.2,25.7
Ricky Rubio,5.3,105,103,1.5,3.8,-0.7,1.5,0.7,1.6,15.4,2.2,15.3,8.8,28.4,2.7,0.4,18.1,22.9
Donovan Mitchell,5.2,103,105,1.4,3.8,0.9,0.3,1.2,2.2,16.7,2.3,10.4,6.4,19.4,2.2,0.9,12.6,29.1
Serge Ibaka,5.1,109,105,2.1,3,-0.1,0,-0.1,1,14.7,4.3,21,12.8,4.4,0.7,3.8,9.7,19.4
Ed Davis,5,121,103,2.5,2.5,-1.2,0.6,-0.6,0.5,15.5,13.7,28.8,21.3,3.9,1.1,2.9,16.2,12.1
Marvin Williams,5,118,109,3.1,1.9,0.6,0.3,1,1.5,13.9,3.9,16.2,10,7,1.4,1.6,9.7,14.8
Tomáš Satoranský,5,124,111,3.7,1.3,0.8,0.5,1.2,1.3,15.4,5,11.1,8,24.8,1.6,0.8,16.3,13.7
James Johnson,5,109,105,2.2,2.8,0,1.6,1.6,1.7,15.8,3.5,17.2,10.3,22.5,1.8,2.2,17.1,19.1
Blake Griffin,4.9,109,110,3.2,1.8,3.6,-0.2,3.4,2.7,19.6,4.1,19.8,12,28.1,1,0.8,12.6,28.9
Jeremy Lamb,4.9,112,109,3,1.9,1.3,0.2,1.6,1.8,17,2.7,15.4,8.9,15.4,1.5,1.4,9.1,22.4
John Henson,4.9,115,108,2.8,2.2,-1,0.1,-0.9,0.5,15.7,9,21.5,15.3,8.6,1.1,4.7,12.8,15
Klay Thompson,4.9,110,111,3.1,1.8,1.7,-2.1,-0.4,1,16,1.5,10.3,6.2,11.2,1.1,1.1,9.5,23.7
Marcin Gortat,4.9,112,107,2.4,2.4,-0.8,0.3,-0.6,0.8,14.7,9.9,24,17,10.6,1,2.6,13.5,15.5
Jeff Teague,4.9,111,112,3.4,1.4,1.1,-0.7,0.4,1.4,16.4,1.2,9.3,5.2,30.6,2.2,0.9,16.4,20.6
Kyle O'Quinn,4.8,118,105,2.7,2.1,0.4,2.6,3.1,1.8,20,9.7,27.8,18.8,16.8,1.3,6.1,18.5,17
Dirk Nowitzki,4.8,112,108,2.6,2.2,1.7,0.6,2.3,2.1,16.7,1.2,25.2,12.8,10.4,1.1,2.1,6,20.5
Ryan Anderson,4.8,121,109,3.1,1.7,0.9,-0.8,0.1,0.9,12.6,6.2,15.4,10.8,5.1,0.7,1,7.5,14.4
Domantas Sabonis,4.7,110,107,2.5,2.2,-0.6,-0.5,-1.1,0.4,17.5,10.4,25.2,17.8,12.7,1.1,1.6,15.3,22.1
Fred VanVleet,4.7,115,106,2.7,2,1.4,1,2.4,1.7,15.9,1.9,11.5,6.8,22.8,2.2,1,11.2,19.1
Eric Gordon,4.7,110,110,2.9,1.8,2,-1.6,0.4,1.3,15.2,1.3,7.5,4.4,11.7,1,1.1,10.8,24.7
DeMarcus Cousins,4.7,104,102,1.5,3.2,2.5,2.2,4.7,2.9,22.6,6.8,30.9,19.2,23,2.2,3.5,18.9,31.9
Jusuf Nurkić,4.7,102,101,0.8,3.9,-1.1,1.1,0,1.1,19.2,10,26.9,18.5,11.7,1.5,4.3,14.6,26.4
Myles Turner,4.7,110,106,2.2,2.5,-0.6,0.4,-0.2,0.8,16.6,5.8,19.8,12.8,7,1,5.7,11.6,20
Pascal Siakam,4.7,113,105,2.1,2.5,-0.3,1.6,1.3,1.4,14.5,5.4,18.6,12.1,13.5,1.8,2,11.1,15.7
Delon Wright,4.5,116,105,2.5,2.1,1.4,1.8,3.3,1.9,16.5,3.6,11.7,7.7,19.6,2.5,1.8,13.9,17.2
Jaylen Brown,4.5,105,105,1.2,3.2,-0.8,0.3,-0.5,0.8,13.6,3.4,14,8.8,8.5,1.6,1,12,21.4
Alex Len,4.5,121,110,3.2,1.3,0.6,-0.3,0.3,0.8,19.4,13.2,26.7,19.8,9.1,0.9,3.5,14,17
Wayne Ellington,4.5,113,110,2.6,1.9,1,-0.6,0.4,1.2,12.5,1.3,10.7,6,5.9,1.3,0.3,6.6,17.3
E'Twaun Moore,4.4,111,112,2.8,1.6,-1,-0.5,-1.6,0.3,12.1,2.5,7.3,5,10.1,1.5,0.4,10.6,16.1
Ish Smith,4.4,109,109,2.4,2,-0.3,0.3,0,1,15.4,1.4,10.9,6.1,28.4,1.6,0.9,11.2,20.8
Tyreke Evans,4.2,111,111,3.1,1.2,4.9,-0.5,4.5,2.6,21.1,3.1,16.3,9.5,31.2,1.8,1,11.5,28.4
Jarrett Allen,4.2,119,108,2.7,1.5,-0.9,0.1,-0.8,0.5,17.5,10.5,18.1,14.3,5.4,0.9,4.6,15.1,16.3
Reggie Bullock,4.2,118,110,2.8,1.4,0.7,0,0.7,1.2,13.6,1.7,8.3,4.9,8.4,1.4,0.7,7.6,15.7
Bam Adebayo,4.2,116,105,2.3,1.9,-1.1,0.7,-0.4,0.6,15.7,9.7,21.6,15.6,11,1.2,2.5,13.6,15.9
Al-Farouq Aminu,4.2,105,104,0.9,3.2,-0.7,1.1,0.4,1.3,12,5.2,22.3,13.8,5.8,1.9,1.6,11.3,14.8
Tyler Johnson,4.2,109,108,1.9,2.3,-0.5,0.2,-0.3,0.9,13,1.9,11.7,6.8,12.4,1.5,1.4,9.5,18.6
Rondae Hollis-Jefferson,4.1,108,109,2.1,2,-0.3,0.4,0.1,1,16.9,5.5,20,12.7,14.2,1.6,1.9,12.3,22.2
DeMarre Carroll,4.1,109,110,2.3,1.8,0.5,-0.4,0.2,1.2,14.3,5.1,18.4,11.7,10.5,1.3,1,10.3,19.8
Amir Johnson,4.1,121,103,2.1,2,-1.2,2.2,1,0.9,14.9,11.8,18.3,15.2,13.9,1.8,3.1,15.6,12.8
Patty Mills,4.1,109,109,2,2.1,-0.6,-0.4,-1,0.5,11.8,1.4,6.8,4.1,16,1.3,0.4,12.6,17.8
D.J. Augustin,4.1,116,114,3.3,0.8,1,-1.2,-0.2,0.8,15.4,1.9,8.2,5,24.4,1.5,0,16.5,18.6
Ersan İlyasova,4,111,108,2.2,1.9,-0.2,-0.4,-0.6,0.6,14.9,7.6,18,12.9,7.9,1.7,1.3,9.7,18.7
Marc Gasol,4,104,108,1.5,2.6,1.7,0.6,2.3,2.7,17.4,3.7,25.3,14.2,21.7,1.1,3.9,14.1,25.6
Joe Harris,4,116,113,3,0.9,0.7,-0.6,0.1,1,13.3,2.7,11.3,7,10.2,0.9,0.8,12,16.6
Nikola Mirotić,4,111,107,2.2,1.8,2.5,-0.3,2.2,1.6,18.7,4.3,24.9,14.6,8.6,1.4,2.2,7.7,23.4
Courtney Lee,3.9,112,113,2.7,1.2,-0.1,-0.2,-0.3,1,13,1.4,9.3,5.4,11.3,1.7,0.6,9.4,16.9
Jeff Green,3.9,115,114,3.1,0.8,-0.3,-1.5,-1.8,0.1,14.8,3.7,11.2,7.6,8,1.1,1.6,9.4,19.3
P.J. Tucker,3.9,107,106,1,3,-1.9,0.8,-1.1,0.5,8.3,4.6,17.8,11.3,4.6,1.7,1,13.7,10.5
Willie Cauley-Stein,3.9,106,108,1.7,2.2,-0.4,0.3,-0.1,1,17.6,7,22,14.2,13.7,1.9,3.1,11,21.8
Trey Lyles,3.9,116,110,2.7,1.2,2,-0.7,1.3,1.1,17.9,4.5,23.5,14,10.1,1.1,2,9.1,21.1
Kosta Koufos,3.9,117,108,2.3,1.5,-0.2,-0.2,-0.4,0.6,17.5,11.7,27.6,19.3,9.7,1.7,2.2,10.4,15.2
Harrison Barnes,3.8,105,111,2,1.9,0.8,-1.3,-0.5,1,15.8,3.1,17.1,9.9,9.9,0.9,0.5,8.1,25.2
Kyle Kuzma,3.8,105,109,1.5,2.3,0.3,-1,-0.7,0.8,14.2,3.9,17.4,10.7,9.1,1,1.1,11,22.5
T.J. McConnell,3.8,109,105,1.3,2.5,-1.9,1.9,0,0.9,12.5,2.4,11.5,7.1,24.5,2.6,0.6,20.4,13.8
Brook Lopez,3.8,108,108,1.9,1.9,0.7,0.2,0.9,1.3,16.5,4.6,13.4,9,11.6,0.8,4.6,10.2,23.5
Marco Belinelli,3.7,110,111,2.4,1.3,0.4,-0.8,-0.5,0.8,14.1,1.1,7.3,4.3,11.9,1.6,0.5,10.1,20.7
Kelly Oubre Jr.,3.7,106,109,1.4,2.3,-1.6,-0.1,-1.7,0.2,11.9,3,15.4,9.2,6.4,1.8,1.4,9.2,19.4
Carmelo Anthony,3.7,104,109,1.2,2.5,-0.6,-1.3,-1.9,0,12.7,2.9,17.7,10,6.5,0.9,1.8,7.3,23.2
Dewayne Dedmon,3.7,111,107,1.8,1.9,-0.4,0.5,0.1,0.8,15.8,7.2,28.1,17.7,9.2,1.3,2.8,14.3,17
Frank Kaminsky,3.6,110,111,2.3,1.3,0.6,-0.8,-0.2,0.8,14.4,2.7,14.5,8.5,11,1,0.9,7.6,20.5
Mason Plumlee,3.6,112,107,1.8,1.8,-1,1.4,0.5,0.9,16.9,10.4,20.9,15.6,14.4,1.7,4.7,18.7,16.6
Tyus Jones,3.6,119,110,2.3,1.2,-0.8,1.7,0.8,1.1,14.1,1.2,9.2,5.2,21.2,3.2,0.4,14,12.7
Rajon Rondo,3.6,109,109,1.9,1.7,0,-0.4,-0.3,0.7,15.3,2,14.2,8.4,42.2,2,0.5,22.7,16.9
Nikola Vučević,3.6,105,106,1.3,2.3,1.7,1,2.7,2,19.7,6.6,27.8,17.1,19.9,1.6,3,11,25.9
David West,3.5,113,103,1.8,1.7,0.7,2.5,3.1,1.3,20.9,7.7,18.2,13.3,20.5,2.3,5.9,16.2,21.7
Nicolas Batum,3.5,107,110,1.7,1.8,0.5,-0.1,0.4,1.2,14.4,3.1,13.8,8.4,26.2,1.6,1,15.6,18.3
Daniel Theis,3.5,117,100,1.6,1.9,-2,2.3,0.3,0.5,16.1,10.7,21.2,16,9.1,1.6,4.3,17.2,15.5
Bobby Portis,3.5,108,110,2,1.5,2.2,-1.3,0.8,1.2,19.7,10,23,16.2,13.2,1.5,1.3,10.5,26
T.J. Warren,3.4,109,114,2.6,0.8,0.8,-1.6,-0.7,0.7,17.6,6.1,10.5,8.3,7.2,1.5,1.5,6.7,24.9
Kyle Korver,3.4,120,114,2.8,0.6,1.5,-1.2,0.2,0.9,13.4,0.7,10.9,5.9,8,1,1.5,9.6,16
Jonas Jerebko,3.4,118,106,1.8,1.6,-0.4,0.4,0.1,0.6,13.2,5.4,19.1,12.3,5.7,1.1,0.9,6.9,15.6
Josh Hart,3.4,116,109,1.9,1.5,-0.6,0.5,-0.1,0.7,12.2,3.1,16,9.6,7.6,1.5,0.9,10.1,13.5
Greg Monroe,3.4,112,105,1.8,1.6,1.3,1,2.2,1.1,21.2,11.4,25.2,18.3,18.7,2.1,1.8,17.7,22.4
Evan Fournier,3.3,110,113,2.4,0.9,0.8,-1.4,-0.6,0.7,15.5,1.4,9.5,5.4,14.8,1.3,0.7,9.8,23.3
Jerian Grant,3.3,112,112,2.3,1,-0.9,-0.5,-1.3,0.3,14.3,1.9,9.3,5.5,30.1,1.8,0.4,13.2,17.4
Lauri Markkanen,3.3,107,110,1.7,1.6,1,-1.2,-0.2,0.9,15.6,4,23.7,13.5,6.4,0.9,1.8,8.2,21.9
Markieff Morris,3.3,105,108,1.2,2.1,-1.3,0.1,-1.3,0.4,13.2,4.3,19.2,11.8,11,1.4,1.7,14.6,19.5
J.J. Barea,3.3,109,112,2.3,1,2.7,-1.5,1.2,1.3,17.8,1,13.4,7,45.1,1.1,0.2,16.3,24.9
Zaza Pachulia,3.3,117,105,1.8,1.4,-0.7,0.7,0,0.5,17,11,25,18.5,15.2,1.9,1.4,19.1,17
Wilson Chandler,3.3,110,113,2.1,1.2,-1,-1.1,-2.1,-0.1,10.9,4.9,14.1,9.6,9.4,0.9,1.4,11.9,14.3
Michael Kidd-Gilchrist,3.3,110,110,1.7,1.6,-2.1,0,-2.1,-0.1,12.5,4.8,13,8.8,5.9,1.3,1.4,7.7,16.1
Marcus Morris,3.2,106,105,1.1,2.2,-0.1,-0.1,-0.1,0.7,14.5,3.3,18.4,11,8.2,1.2,0.7,8.7,23
Shabazz Napier,3.2,107,106,1.2,2,-0.7,1.4,0.7,1,14.2,1.9,10.1,6,14.6,2.6,0.7,13.2,19.5
Maurice Harkless,3.2,117,106,1.6,1.7,-0.4,1.7,1.4,1.1,12.6,4,9.9,7,6,1.9,2.8,11,12.6
George Hill,3.2,113,113,2.3,0.9,-0.2,-0.5,-0.8,0.6,13.3,2.6,8.9,5.7,15,1.7,1.3,13.3,16.3
Allen Crabbe,3.2,108,112,1.8,1.4,0,-0.7,-0.7,0.7,12.3,1.3,14.4,7.8,8.4,1,1.2,8.1,19
Kristaps Porziņģis,3.2,105,108,1.4,1.8,1.9,-0.1,1.8,1.5,20.4,4.4,18.1,11.3,6.2,1.1,6.4,8.4,31
Andre Iguodala,3.2,113,109,1.6,1.6,-1.1,0.8,-0.3,0.7,11.2,3.7,12.6,8.5,16.2,1.6,1.9,15.8,11.5
Dejounte Murray,3.2,99,101,-0.2,3.4,-1.6,2.2,0.5,1.1,15.1,7,22.4,14.6,20.2,2.8,1.5,16.6,20.7
Ekpe Udoh,3.2,126,98,1.3,1.8,-1.3,4.4,3.1,1.1,15.2,9.6,11.4,10.5,9.1,2.7,7.7,12.1,9.1
Rudy Gay,3.1,106,103,1,2.1,0.2,0.6,0.8,0.9,18,6.8,19.5,13.1,9.8,1.9,2.6,11.5,24.6
Cory Joseph,3.1,106,110,1.2,2,-1.8,0.3,-1.5,0.3,11,2,11.4,6.7,16.1,1.8,0.7,11.9,14.8
James Ennis III,3.1,115,112,2,1.1,-1.1,-0.1,-1.2,0.3,11.6,5.1,11,8,6.6,1.5,1,11.4,13.7
Dāvis Bertāns,3.1,115,106,1.6,1.4,1,0.6,1.6,1,14.1,1.8,13.9,7.8,10.3,1.2,2.1,8.5,17.4
Yogi Ferrell,3,107,112,1.5,1.5,-1.3,0,-1.4,0.4,11.4,1.2,11.2,6.1,13.5,1.4,0.4,9.1,17
Jordan Clarkson,3,106,112,1.9,1.2,1.5,-1.4,0.1,1,16.4,3.3,9.1,6.2,19.3,1.5,0.3,10.9,26.5
Darius Miller,3,115,113,2.1,0.9,-1.1,-0.8,-1.9,0.1,9.3,1,7.9,4.6,7.5,0.7,0.7,10.1,12.8
OG Anunoby,3,113,108,1.4,1.6,-1.2,0.6,-0.6,0.5,10,3.4,10.4,7,5,1.7,0.8,10.8,12.4
Aron Baynes,3,103,103,0.5,2.5,-3.6,0.7,-2.9,-0.3,12,9.7,22.1,16,9.6,0.7,2.9,14.3,16.8
Trevor Booker,2.9,114,108,1.6,1.3,-0.6,0,-0.6,0.4,14.9,11.1,18.6,14.9,10.8,1.2,1.5,13.3,16.6
Bismack Biyombo,2.9,108,107,1.1,1.8,-2.6,0.2,-2.4,-0.2,14.1,10.5,24,17.2,6.5,0.7,5.1,16.6,14.9
Jordan Bell,2.9,121,103,1.6,1.4,0,2.8,2.8,1,18,8.9,19,14.3,16.9,2.1,5.5,20,13.9
Gorgui Dieng,2.9,112,109,1.6,1.4,-0.9,-0.1,-1,0.3,14.7,9.1,22.2,15.6,7.5,1.7,2.6,12,16.3
Tyler Zeller,2.9,118,111,2,0.9,-0.5,-0.9,-1.4,0.2,16,11,19.4,15.2,6.7,0.7,2.5,11.3,16.4
Danny Green,2.9,100,104,0.1,2.9,-1,1.4,0.4,1.1,11.4,2.5,13,7.7,8.9,1.8,3.7,11.2,16.6
Bogdan Bogdanović,2.9,107,113,1.8,1.1,-0.6,-0.9,-1.5,0.3,13.5,1.6,10.5,5.8,18.3,1.7,0.7,13.2,19.6
Aaron Gordon,2.9,103,109,0.9,2,0.9,-0.6,0.3,1.1,16.5,5,21.5,13.2,11.7,1.5,1.9,10,24.7
C.J. Miles,2.9,109,108,1.4,1.5,1,-0.7,0.3,0.8,13,1.5,11,6.4,6,1.4,1.3,5.7,22.3
Richaun Holmes,2.8,121,103,1.6,1.3,-0.3,1.4,1.1,0.6,17.4,8.6,21.4,15.2,12.3,1.3,3.2,8.6,16.6
Maxi Kleber,2.8,117,109,1.6,1.2,-1,0.5,-0.5,0.5,13.4,6.3,15.6,10.8,6.4,1.1,3.5,8.2,13.7
Elfrid Payton,2.8,105,111,1.4,1.4,0.1,-0.3,-0.2,0.8,16.5,3.8,12.8,8.2,34.9,2.2,1,18.5,21.9
Luc Mbah a Moute,2.8,107,106,0.8,2.1,-1.6,1.4,-0.2,0.7,10.3,1.6,11.7,6.7,5,2.3,1.4,15,12.8
Buddy Hield,2.8,104,111,1.3,1.5,1.6,-0.5,1,1.5,16.1,3,14.8,8.6,12.8,2.1,1,11.3,24.3
Brandon Ingram,2.8,104,109,1,1.8,-0.9,-0.3,-1.2,0.4,13.8,3.1,13.8,8.5,17.7,1.1,1.8,14.4,22.2
Nemanja Bjelica,2.8,114,110,1.7,1.1,-0.1,0.2,0.1,0.7,12.6,4.4,18.8,11.5,8.7,1.8,1,11.7,14.3
Kevon Looney,2.8,121,106,1.5,1.3,-1.2,1,-0.2,0.4,14.8,11,15.2,13.2,6,1.8,4.9,12,12.4
Malcolm Brogdon,2.7,112,113,2,0.7,-0.1,-1,-1.2,0.3,14.3,1.9,10.8,6.4,16.3,1.4,0.8,10.9,19.1
Rodney Hood,2.7,106,110,1.2,1.5,0.8,-0.9,-0.1,0.8,14.3,1.6,9.9,5.8,9.7,1.4,0.6,8,24.3
Deyonta Davis,2.7,122,110,1.9,0.8,-0.9,-0.6,-1.5,0.1,16.6,9,22,15.3,7.1,0.8,3.9,9.9,15.3
JaVale McGee,2.7,124,103,1.7,1.1,0.3,1.2,1.5,0.5,22.3,11.5,18.7,15.4,8,1.6,7.3,10,19.2
John Wall,2.7,105,108,1.2,1.5,3.5,-0.5,3,1.8,19.1,1.8,10.2,6,44.5,2,2.8,17,29.1
Tyson Chandler,2.7,123,111,1.9,0.8,-0.8,-0.6,-1.4,0.2,14.2,12.2,26.8,19.4,6.6,0.7,1.9,20.6,10.6
Salah Mejri,2.7,122,102,1.3,1.3,-2,2.8,0.7,0.5,17.8,12.5,25.4,18.7,7.2,1.5,8.2,19,12.8
Tim Hardaway Jr.,2.6,106,113,1.6,1.1,0.5,-1.1,-0.6,0.7,14.4,1.9,11.3,6.6,12.7,1.6,0.5,9,23.8
Wesley Matthews,2.6,105,111,1,1.6,-1,0.1,-0.9,0.6,11.4,1.4,9.2,5.2,12.3,1.8,0.7,10.1,17.6
Thabo Sefolosha,2.6,113,101,1,1.6,0.2,2.5,2.7,0.9,15.8,4.1,18.4,11.3,6.3,3.2,1.3,10.2,16.4
Justise Winslow,2.6,101,105,0.2,2.4,-2.2,1.1,-1.1,0.4,11.5,4.3,20.5,12.4,13,1.6,1.7,12.6,16.3
Patrick Patterson,2.6,114,108,1.2,1.4,-1.2,1,-0.2,0.6,10,2.7,14.6,8.4,6.1,1.9,1.6,10.3,10.8
Jae Crowder,2.6,105,111,1,1.6,-1.9,-0.6,-2.5,-0.3,10.4,3.2,11.5,7.4,6.9,1.5,0.9,9.1,17.3
Evan Turner,2.6,103,109,0.5,2.1,-2.9,0.4,-2.5,-0.3,9.9,1.6,11.4,6.5,12.4,1.1,1.2,13.7,15.6
Luke Kennard,2.6,108,109,1.1,1.4,-0.9,0.1,-0.8,0.5,12.1,1.6,11.9,6.6,12.7,1.5,0.8,12.2,17.2
Nenê,2.6,117,105,1.5,1.1,-1.6,0.6,-1,0.2,16.4,8.1,18,13.1,9.5,1.8,1.6,11.7,18.9
Dennis Schröder,2.6,104,113,1.5,1,1.2,-1.9,-0.6,0.7,17.3,2.4,8.8,5.6,36.2,1.7,0.2,12.7,30.4
JaMychal Green,2.6,108,110,1.3,1.3,-0.8,-1.5,-2.3,-0.1,14,10.8,24.4,17.4,8.3,1,1.5,12.4,17.8
Paul Millsap,2.5,109,109,1.4,1.1,0.4,0,0.4,0.7,17,6.4,17.6,12.1,13.9,1.7,3.2,12.6,22
Tristan Thompson,2.5,120,112,1.8,0.7,-1,-1.9,-2.9,-0.2,13.6,13.4,23.3,18.4,4.3,0.7,1.3,11.8,12.6
Devin Harris,2.5,110,111,1.6,0.9,-1.5,-0.3,-1.8,0.1,13,1,9.8,5.3,16.9,1.8,0.8,12.6,20.2
Mike Scott,2.5,109,111,1.4,1,-0.6,-1.1,-1.7,0.1,13.6,4,15.8,9.9,9.1,0.8,0.6,12.4,20
Pat Connaughton,2.5,110,110,1.2,1.3,-1.7,-0.1,-1.8,0.1,9.3,2.7,9.1,5.9,8.7,0.8,1.2,9.5,13.4
Denzel Valentine,2.5,104,111,1,1.5,-1,0,-1,0.5,12.1,2.4,18.3,10.1,17.8,1.5,0.5,11.8,17.5
David Nwaba,2.4,107,110,1.1,1.4,-2.7,0.2,-2.5,-0.2,12.2,5.6,16,10.6,9.4,1.7,1.6,13.1,15.6
Devin Booker,2.4,105,115,1.9,0.6,2.9,-2,0.9,1.4,18.1,1.5,12.7,7,24.4,1.2,0.6,13.9,31.7
Dante Cunningham,2.4,110,110,1.1,1.3,-1.5,-0.2,-1.7,0.1,10,5.5,14.9,10.3,4.3,1.2,1.5,7.9,11.6
Mike Muscala,2.4,115,110,1.5,0.9,0.3,0.1,0.3,0.6,14.4,5.9,18.3,12.1,7.3,1.4,2.2,11,15.7
Austin Rivers,2.4,105,113,1.4,1,-0.3,-0.9,-1.2,0.4,12.6,1.5,6.2,3.9,17.5,1.7,0.6,11.1,20.6
Michael Beasley,2.4,103,110,0.9,1.5,0.6,-0.8,-0.2,0.7,17.8,6.5,21.2,13.9,12.5,1.1,2.3,14,26.9
Tony Snell,2.4,113,114,1.6,0.7,-1.5,-0.8,-2.3,-0.1,8.5,0.5,7.5,4,6.5,1.1,1.2,7.5,10.6
Trey Burke,2.4,117,114,2,0.3,3.9,-1.4,2.5,0.9,21,1.8,8.2,5,36.4,1.5,0.4,9.5,25.1
Royce O'Neale,2.4,105,104,0.5,1.8,-2,1.8,-0.2,0.5,10.8,2.5,20.6,11.7,12,1.6,1.2,14.8,14.6
Doug McDermott,2.3,111,115,1.7,0.6,-1,-1.3,-2.2,-0.1,10.4,2.5,10.2,6.3,6.5,0.5,0.8,9.3,15
Corey Brewer,2.3,107,106,0.7,1.6,-3.2,1.9,-1.3,0.2,11.2,3.8,10,6.9,7.5,3.2,1,12.1,14.3
Caris LeVert,2.3,103,110,0.7,1.6,-0.8,0,-0.8,0.6,14.2,3,11.9,7.4,26,2.1,0.9,15.8,22.5
Mario Hezonja,2.3,103,108,0.5,1.8,-0.9,0.4,-0.5,0.6,13.7,2.7,16.1,9.3,10,2.4,1.5,11.5,19.9
Eric Moreland,2.3,111,101,0.7,1.6,-2.8,3.3,0.5,0.5,13.9,10.9,27.6,19.1,13.3,1.9,5.6,23.8,9.7
Ian Mahinmi,2.2,107,107,0.8,1.4,-4.6,0.2,-4.4,-0.7,12.2,13.4,17.4,15.4,6.6,1.6,3.2,24.7,15.6
Álex Abrines,2.2,116,110,1.3,1,-1.9,0.4,-1.5,0.1,9,2.5,8.9,5.6,3.4,1.7,0.6,7.4,12.7
Manu Ginóbili,2.2,103,107,0.6,1.6,-1.5,0.2,-1.3,0.2,12.9,1.6,10.6,6.1,19.1,1.7,1,16.8,21.5
Raymond Felton,2.2,105,109,0.9,1.3,-0.3,-0.3,-0.6,0.5,13,2,11,6.3,22.5,1.8,1.1,11.7,20.4
Kent Bazemore,2.2,101,108,0.2,2,-0.4,1,0.6,1.2,14.5,1.6,13.9,7.7,20.1,2.7,2.2,17,22.5
Omri Casspi,2.2,117,106,1.2,1,-0.9,0,-0.9,0.2,15.5,4.9,24,15.1,9.5,1.2,2,13.5,16.3
Andre Roberson,2.2,114,107,0.8,1.3,-1.9,1.8,-0.1,0.5,10.9,7.8,12.2,9.9,6,2.2,3.1,14.4,8.6
Bryn Forbes,2.1,106,110,0.8,1.3,-2.5,-0.6,-3.1,-0.4,9.1,0.9,7.2,4,7.8,0.9,0.1,6.5,16.7
Andrew Wiggins,2.1,101,113,0.5,1.6,-0.8,-1.7,-2.4,-0.3,13,3.1,10.8,6.9,8.2,1.5,1.5,8.8,23.4
Gerald Green,2.1,109,108,1,1,1,-0.8,0.3,0.5,14.1,1.8,14.2,8.1,4.3,1.3,1.4,6.6,22.4
Jodie Meeks,2,111,112,1.3,0.8,-0.3,-0.8,-1.1,0.3,12.4,1.5,11.2,6.4,9.1,1.3,0.3,7.7,19
Lonzo Ball,2,97,106,-0.5,2.5,-0.7,1.6,1,1.3,12.5,4.2,17.3,10.8,29.2,2.4,2,18.6,17.4
Reggie Jackson,2,105,111,1.1,0.9,1,-1.4,-0.4,0.5,15.9,2.6,9,5.7,32.8,1.1,0.3,13.5,27.1
Taurean Prince,2,100,111,0,2,-0.5,-0.6,-1.1,0.6,12.8,2.3,15.3,8.8,13.9,1.7,1.5,15.3,22.1
Shelvin Mack,1.9,106,111,1,1,-1.2,-0.2,-1.4,0.2,13.3,1.8,11.6,6.7,29.5,1.9,0.5,16.3,17.6
Robin Lopez,1.9,106,114,1.2,0.7,-0.9,-1.3,-2.2,-0.1,14.7,8.2,10.3,9.2,12.3,0.4,2.8,13.5,20.4
Cheick Diallo,1.9,118,105,1.1,0.8,-1.3,0.1,-1.2,0.1,17,9.1,29.6,19.7,4.7,0.9,2.9,12,17.4
Cody Zeller,1.9,119,108,1.2,0.7,-1.2,0,-1.2,0.1,15.9,11.4,19.3,15.3,7.4,1.1,2.8,14.6,15.7
Marcus Smart,1.9,97,104,-0.6,2.5,-2.1,1,-1.2,0.3,10.8,3,9.8,6.4,23.7,2.2,1.2,18.4,19.4
Jonathon Simmons,1.9,103,113,0.8,1.1,-1.7,-1.3,-3.1,-0.5,12.7,3.3,9.7,6.5,13.3,1.4,0.6,14.4,22
Alec Burks,1.9,102,105,0.2,1.6,-1.3,0.4,-0.9,0.3,13.1,2.1,18.4,10.3,10,1.8,0.6,11.4,22.5
Stanley Johnson,1.8,97,107,-0.6,2.4,-4,1.1,-2.9,-0.4,9,1.9,13,7.3,8.5,2.5,0.7,11,16.4
Shaun Livingston,1.8,108,110,0.9,0.9,-2.8,-0.4,-3.1,-0.3,11.6,3.4,9.2,6.5,16.8,1.5,1.5,13.6,16.6
José Calderón,1.8,122,115,1.5,0.3,-1.4,-0.5,-1.9,0,11.3,1.7,8.5,5.2,17.4,1.4,0.2,17.1,11.6
Khem Birch,1.8,123,108,1.2,0.6,-0.7,-0.2,-0.9,0.2,16.4,13.2,21.1,17.1,8.5,1.3,2.9,12.1,13.2
Willy Hernangómez,1.8,117,106,1.1,0.7,0.9,0.5,1.4,0.4,21.2,13.3,27.2,20.2,10.5,1.8,2.7,14.7,21
Lance Stephenson,1.8,99,108,-0.2,2,-1.5,-0.3,-1.8,0.1,12.4,3.8,22,12.9,18.6,1.2,0.8,14.6,21.6
Treveon Graham,1.8,114,112,1.1,0.7,-2.8,0.1,-2.7,-0.2,9,4.3,8.3,6.2,7.8,1.5,0.2,9.9,11.3
Cristiano Felício,1.7,114,113,1.2,0.5,-2.8,-1.1,-3.9,-0.5,12.5,8.8,17.1,12.8,8.4,0.8,1,17.7,13.6
Nick Young,1.7,106,112,0.8,0.9,-1.6,-1.9,-3.5,-0.5,10,1.7,7.9,5,3.5,1.3,0.4,7,17.5
Justin Holiday,1.7,100,111,0.1,1.6,-1.6,-0.3,-1.9,0,10.8,1.4,12.8,6.9,10.1,1.7,1.2,9.8,18.2
Andrew Harrison,1.7,106,113,1,0.7,-1,-0.5,-1.5,0.2,12.7,2,9.7,5.7,21.3,1.4,1.8,14,19.6
Wesley Johnson,1.7,99,107,-0.1,1.7,-2.5,1.7,-0.7,0.5,9.8,2.2,13.6,8,5.6,2.5,3.5,12.3,13
Noah Vonleh,1.6,106,106,0.5,1.2,-1.1,-0.2,-1.3,0.2,12.8,8.5,30.2,19.2,5.7,1.1,1.6,10.7,14.5
Lucas Nogueira,1.6,123,98,0.7,1,0.1,5,5.2,0.8,17.3,4.9,18.1,11.7,7.2,2.7,8.2,14.8,11.4
Al Jefferson,1.6,113,104,0.8,0.8,0.6,1.5,2,0.5,20.2,7,26.2,16.7,10,1.7,4.2,8.6,22.5
Quinn Cook,1.6,115,113,1.1,0.4,-0.1,-1.5,-1.6,0.1,12.8,1.6,10.2,6.2,16.6,0.8,0.1,10.8,17.5
Willie Reed,1.5,125,108,1,0.5,0.5,0.3,0.8,0.3,19.2,9.1,21.8,15.5,3.6,1,4.3,11.6,16.6
Tarik Black,1.5,110,102,0.5,1,-3.7,1.2,-2.6,-0.1,14.3,13.4,20.9,17.1,3.7,1.9,4.8,18.4,15.6
Boban Marjanović,1.5,116,104,1,0.5,2.3,0.2,2.5,0.4,26,15.7,31.4,23.5,11.2,1.5,2.8,15.9,29.4
Zach Randolph,1.5,101,111,0.3,1.2,0.5,-1.5,-1,0.4,17.3,7,23.7,15,14.9,1.4,0.6,12.5,27.6
Channing Frye,1.5,115,111,0.9,0.6,-0.5,0,-0.5,0.3,13.1,1.9,19.4,10.8,7.9,1.3,1.6,8.7,15.2
Thon Maker,1.5,103,110,0.3,1.1,-3.2,-0.4,-3.5,-0.5,10.2,7.1,14.1,10.6,5.2,1.5,3.7,11,14.6
Tony Parker,1.4,103,109,0.4,1.1,-2.3,-0.9,-3.3,-0.3,12.7,0.7,9.2,4.9,28.2,1.3,0.1,13.9,20.5
J.R. Smith,1.4,103,114,0.6,0.9,-2.1,-0.9,-3,-0.6,8.4,1.5,10.1,5.9,8.6,1.5,0.4,11.6,13.8
Langston Galloway,1.4,106,109,0.5,0.9,-0.2,0.2,0.1,0.5,12.2,1.6,10.3,5.9,10.1,2,0.5,4.8,19.3
Troy Daniels,1.4,109,117,1.4,0,-0.5,-2.1,-2.6,-0.3,9.8,0.8,7.7,4.2,4.5,0.8,0.2,8.5,17.2
Shane Larkin,1.4,104,106,0.3,1.1,-2.8,1.1,-1.7,0.1,10.3,2.1,10.7,6.5,18.5,1.9,0.2,12.3,15.5
Tim Frazier,1.4,105,107,0.4,1,-2.8,1.8,-0.9,0.2,11.3,2.4,13.1,7.8,31.1,2.8,0.7,23.5,12.8
Skal Labissière,1.4,103,111,0.4,1,-1.9,-0.8,-2.7,-0.2,14.3,8.7,18.1,13.2,9.1,1,3.7,12.5,21.1
Miloš Teodosić,1.4,107,114,0.9,0.5,-0.3,-1.5,-1.7,0.1,11.6,1.6,10.5,6.1,26.2,1,0.4,20.3,18.2
Joffrey Lauvergne,1.3,109,106,0.6,0.7,-0.4,-0.6,-1,0.1,16.5,13,22.6,17.8,12.2,0.9,0.5,13.5,20.4
Nerlens Noel,1.3,109,100,0.4,1,-2.2,2.7,0.5,0.3,16.2,10.9,29.3,19.8,6.3,3.3,4.1,18.1,13.8
Jarell Martin,1.3,101,111,0.1,1.2,-3.3,-0.7,-4,-0.8,10.5,6.6,15.8,11.1,7,1.2,2.8,13.6,17.1
Brandan Wright,1.3,124,107,0.8,0.5,1.1,1,2.1,0.4,19,9.8,19.3,14.4,5.6,1.7,6.4,6.4,14.7
Jamal Crawford,1.3,104,116,0.9,0.3,0.1,-2.5,-2.3,-0.1,13,1.4,5.5,3.5,16.9,1.2,0.5,10.7,23.7
Kenneth Faried,1.3,116,110,0.9,0.4,-0.3,-1.7,-2.1,0,17.4,16.7,20.7,18.7,5.8,1.3,2.4,11.9,18.3
Justin Anderson,1.2,110,107,0.6,0.7,-0.6,-0.3,-0.9,0.1,13,5.4,13.6,9.6,7.1,1.4,1.1,6.8,19.3
Jabari Parker,1.2,106,111,0.6,0.6,0.9,-1.7,-0.8,0.2,17.1,6.6,17.1,11.9,13.1,1.7,1.2,11.2,24.4
Danilo Gallinari,1.2,111,112,0.8,0.4,0.4,-0.9,-0.5,0.3,13.8,1.5,14.9,8.3,8.9,0.9,1.2,8.1,20.6
Terrance Ferguson,1.2,115,111,0.7,0.5,-3.2,-0.1,-3.3,-0.3,7.4,2.7,4.2,3.4,3.4,1.6,1.2,6,10.4
Sam Dekker,1.2,107,111,0.6,0.6,-2.3,-0.6,-2.9,-0.2,11.5,5.6,16,10.8,6.2,1.3,0.9,10.4,15.5
Dillon Brooks,1.2,100,113,0.1,1.1,-2.9,-1.1,-4,-1.2,9.8,2.4,10.5,6.3,9.3,1.6,0.7,12.8,18.5
Vince Carter,1.2,103,110,0.3,0.9,-1.9,0.7,-1.2,0.2,10.8,1.9,15.1,8.2,9.7,2.1,2.4,10.7,14.7
Garrett Temple,1.2,102,112,0.3,0.9,-2.2,-0.3,-2.5,-0.2,10.2,1.5,9.6,5.4,11.3,1.8,1.6,13.4,16.4
Tyler Cavanaugh,1.2,119,112,0.9,0.3,-0.4,-1.5,-1.9,0,13,9.7,17.7,13.7,7.8,0.8,0.7,8,14.8
Ivan Rabb,1.2,112,110,0.7,0.5,-0.9,-1.2,-2,0,16.6,11.6,24.1,17.7,10.4,1.2,2.4,17.3,17.7
Jarrett Jack,1.2,103,114,0.5,0.7,-1.6,-1.3,-2.8,-0.3,11.5,1.6,12.1,6.8,31.3,1.1,0.2,19.5,16.7
Semi Ojeleye,1.2,97,107,-0.2,1.3,-4.6,-0.1,-4.7,-0.8,4.6,3.6,11.6,7.7,2.4,0.9,0.3,10.8,9
Dwyane Wade,1.1,98,109,-0.4,1.6,-0.9,-0.1,-1,0.4,15,3.7,14.6,9.2,23.5,2,2.6,15.5,26.2
Ian Clark,1.1,102,112,0.3,0.8,-2.7,-0.8,-3.5,-0.6,9.4,0.8,8.4,4.7,10.4,1.1,0.5,9.9,17.2
Chandler Parsons,1.1,110,113,0.7,0.4,1.2,-0.4,0.8,0.5,13.6,2.3,13,7.5,16.4,1.3,1.5,12.5,18.3
Jerryd Bayless,1.1,102,109,0.2,0.9,-2.7,-0.2,-2.8,-0.2,7.5,1.8,7.3,4.7,8,1.2,0.5,14.1,15.1
Meyers Leonard,1.1,129,106,0.7,0.3,1,0.9,2,0.3,17.8,5.2,24.7,15,10.6,1.4,0,10.8,16.1
Quincy Acy,1,99,110,-0.1,1.1,-2.6,0.1,-2.5,-0.2,8.2,3.1,17.1,10,6,1.2,1.6,13.3,14.4
Ante Žižić,1,137,111,0.9,0.2,1.9,-0.9,1,0.2,24.2,12.8,18.6,15.7,3.8,0.5,5.2,12.1,18.8
Emeka Okafor,1,116,105,0.5,0.5,-1.1,-0.2,-1.2,0.1,16.4,14.9,21.7,18.4,3.1,1.1,5.6,11,14.4
Ivica Zubac,1,111,107,0.5,0.5,-1.8,-0.3,-2,0,15.3,11.8,20.1,16,8.8,0.9,3,15.3,17.6
Sindarius Thornwell,1,101,111,0.1,0.9,-3.4,1,-2.4,-0.1,8.2,3.2,10,6.7,7.8,2,1.8,16.3,12.1
Malcolm Delaney,1,104,113,0.4,0.6,-2.2,-0.4,-2.6,-0.1,10.6,1,10,5.5,23.4,1.7,0.5,16.9,16.9
Joe Johnson,1,98,109,-0.3,1.3,-2.7,-0.2,-2.9,-0.3,8.1,1.3,14.7,8.1,10.2,0.7,0.5,11.4,15.9
Justin Jackson,1,103,114,0.4,0.5,-2.4,-1.1,-3.5,-0.6,9.2,2,12.6,7.1,7.2,0.9,0.8,8.4,14.2
Torrey Craig,0.9,111,112,0.5,0.4,-2.2,-0.7,-2.9,-0.1,9.8,7.2,15.5,11.4,5.4,0.9,2,11.6,11.9
Cedi Osman,0.9,108,112,0.5,0.4,-2.1,-0.7,-2.9,-0.1,11,3.2,16.6,10,8.7,1.6,0.4,13.4,15.7
Luke Babbitt,0.9,109,113,0.5,0.4,-0.9,-1.5,-2.4,-0.1,9.8,1.1,13.9,7.5,6.5,0.5,0.8,7.8,15
Raul Neto,0.9,105,108,0.3,0.6,-1.6,0.2,-1.4,0.1,11.9,1.6,9.5,5.6,23,1.3,0.7,17.8,18.3
Lance Thomas,0.9,103,113,0.3,0.6,-3.2,-0.5,-3.7,-0.6,6.3,3.6,10.7,7.2,4.2,1.1,0.9,12.1,10.7
Miles Plumlee,0.9,102,111,0.1,0.7,-3.7,-0.1,-3.8,-0.4,10.6,9.4,18.3,13.9,7.2,0.9,2.8,23.4,12.8
Michael Carter-Williams,0.9,98,107,-0.2,1.1,-3.3,1.8,-1.5,0.1,10.8,4.7,13.3,8.9,19.4,2.6,2.3,16.2,16.6
Kawhi Leonard,0.9,109,97,0.3,0.5,5.2,4.9,10.1,0.6,26,3.1,19.1,11.1,17.7,4.3,3.6,11.1,30.6
Kris Dunn,0.9,96,107,-1,1.9,-2.4,1.1,-1.3,0.3,14.5,1.6,14.4,7.8,33.3,3.3,1.6,17.3,24.7
Tyler Ennis,0.8,101,108,0.1,0.7,-3,0.9,-2.1,0,11.1,3,11.8,7.4,21.9,2.1,1.2,13.8,17.1
Jared Dudley,0.8,110,113,0.5,0.4,-3,0.5,-2.5,-0.1,8.8,1.2,13.6,7.3,15.6,1.7,1.3,16.9,10.2
JaKarr Sampson,0.8,117,108,0.4,0.4,-2.3,1.1,-1.2,0.1,13.9,6.7,19.7,12.9,3.9,1.2,6.1,8.3,12.5
T.J. Leaf,0.8,113,112,0.5,0.3,-1.4,-1.7,-3.1,-0.1,10.7,7.2,13,10.1,2.8,0.5,0.8,6.5,14.9
Rodney McGruder,0.8,124,110,0.5,0.3,-1,-0.3,-1.4,0.1,12,4.1,8.3,6.2,8.4,1.3,0.9,5,12.1
Timothé Luwawu-Cabarrot,0.8,101,110,0.1,0.7,-3.1,-1.1,-4.1,-0.4,7,1.9,7.5,4.8,9.3,0.7,0.5,11.5,17.5
Cameron Payne,0.8,104,111,0.3,0.4,-0.1,-0.3,-0.4,0.2,14,3.2,9.8,6.4,29.9,2.2,1.4,14,19.3
Shaquille Harrison,0.8,109,109,0.4,0.4,-2.3,1.7,-0.7,0.1,15.6,2.5,14.7,8.5,22.2,3.2,1.5,13.5,18
Tyrone Wallace,0.7,102,112,0.2,0.5,-3.1,-0.4,-3.5,-0.3,10.1,2.7,10.7,6.8,11.8,1.5,1.3,14.1,16.6
C.J. Williams,0.7,105,111,0.3,0.5,-2.8,0.7,-2.1,0,9.5,1.9,6.7,4.4,8.5,2.1,1.5,8.9,13.7
Marquese Chriss,0.7,95,109,-0.8,1.5,-3.2,0.4,-2.8,-0.3,11.1,5.2,22.7,13.8,8.1,1.6,3.7,16.4,18.1
MarShon Brooks,0.7,117,111,0.6,0.2,7.5,-0.4,7.1,0.4,26.1,4.7,8,6.3,25.9,2.9,1.5,12.5,29.8
Jason Terry,0.7,103,111,0.1,0.6,-2.6,0.6,-2,0,8.1,0.7,6.2,3.5,9.7,2.6,1.4,13.7,10.1
Shabazz Muhammad,0.7,109,113,0.5,0.2,-0.3,-2.3,-2.5,-0.1,15.4,6.3,14.8,10.6,5.7,1.1,0.6,2.8,23
Sterling Brown,0.7,100,110,0,0.7,-2.8,-0.2,-3.1,-0.2,9.1,4.1,17.5,10.8,4.5,2,1.4,10.4,14
Wes Iwundu,0.7,100,112,0,0.7,-4.2,-0.1,-4.3,-0.6,7.8,3.9,11,7.4,7.8,1.6,0.9,11.2,11.6
Dante Exum,0.7,110,106,0.3,0.3,-0.3,0.4,0.1,0.1,16.7,2,10.5,6.3,29.7,1.7,1.1,16.6,23.1
Isaiah Taylor,0.6,101,114,0.2,0.5,-3.1,-1.3,-4.4,-0.7,10.9,2.1,6.9,4.5,27,1.4,0.7,15.7,20.1
Zach Collins,0.6,93,107,-0.7,1.3,-4.5,0.2,-4.3,-0.6,7.5,4.7,18.2,11.5,7.1,0.8,2.4,15.9,15.4
Isaiah Canaan,0.6,110,114,0.5,0.1,-0.5,-0.7,-1.3,0.1,13.5,1.5,10,5.7,26.7,1.8,0.2,15.4,18.9
Marreese Speights,0.6,101,111,0.1,0.5,0.2,-1.4,-1.1,0.1,13.7,3.4,18.4,10.8,9.8,0.6,2.6,9.7,26.9
Mario Chalmers,0.6,96,110,-0.6,1.3,-3.7,0.5,-3.2,-0.4,10.4,1,12,6.4,21.5,2.8,0.9,18.8,19.6
Glenn Robinson III,0.6,114,111,0.4,0.3,-1.2,0.4,-0.7,0.1,10.8,3.7,8.6,6.2,6.8,1.9,0.3,5.3,12.5
Jahlil Okafor,0.6,107,109,0.3,0.3,-1.8,0,-1.7,0,15.3,6.3,19.4,12.8,5.9,0.4,3.9,12.2,21
Norman Powell,0.6,94,107,-0.6,1.2,-3.2,0.2,-2.9,-0.3,8.5,1.5,10.9,6.3,11.8,1.7,1.2,14.4,18.9
Mike Conley,0.6,108,114,0.4,0.2,1.3,-0.8,0.5,0.2,15.4,0,8.6,4.2,22.2,1.6,0.8,8.4,25.9
Dakari Johnson,0.6,128,106,0.4,0.2,-1.2,0.9,-0.3,0.1,16.4,10.7,12.8,11.7,7.2,1.8,4.5,5.9,13.5
Guerschon Yabusele,0.6,111,105,0.3,0.3,-1.4,0.2,-1.2,0,12.3,8,16.1,12.1,10,0.9,1.8,14.5,15.7
Damyean Dotson,0.6,106,112,0.3,0.3,-1.6,-0.6,-2.3,0,11.6,2.1,17.5,9.8,9.5,1.3,0.4,9,17.3
Jameer Nelson,0.6,99,112,-0.1,0.7,-2.9,-0.4,-3.3,-0.3,8.1,1.4,9.5,5.6,22.8,1.3,0.3,21,13.7
Patrick McCaw,0.6,96,110,-0.3,0.8,-4.3,0.1,-4.1,-0.5,7.4,2,7.2,4.8,10.6,2.2,0.8,14.6,12.8
Danuel House Jr.,0.6,111,114,0.4,0.1,-0.8,-0.8,-1.6,0,12.4,3.4,17,10.1,9.4,0.8,1.2,7.2,16.2
Frank Mason III,0.5,100,112,0,0.6,-1.3,-1,-2.3,-0.1,13,3.3,12.1,7.5,22.7,1.7,1,13.1,22.6
Jamil Wilson,0.5,118,112,0.4,0.2,0,0.2,0.2,0.2,11.4,1.2,11.5,6.4,5.2,0.9,2.4,8.8,14.3
Troy Williams,0.5,105,107,0.2,0.4,-1,0.5,-0.5,0.1,15.1,8,14.8,11.4,7.7,3.2,1.1,13.5,20.1
Brandon Paul,0.5,94,105,-0.3,0.8,-5.1,1.6,-3.5,-0.2,7.4,1.1,12,6.5,9,2.2,1,16.6,13.6
Luke Kornet,0.5,106,110,0.2,0.3,0.4,-0.2,0.2,0.2,13.6,3.8,18,10.9,11.6,0.9,4.2,8.5,19
Ben McLemore,0.5,99,112,-0.2,0.7,-2.9,-1,-3.9,-0.5,9.7,3.5,11.4,7.4,7.5,1.8,1.3,13.2,19
DeAndre Liggins,0.5,95,109,-0.2,0.7,-4.3,1.8,-2.5,-0.1,6,1.1,10.6,5.9,8.4,2.5,1.6,15.6,7.9
Joe Young,0.5,102,112,0.1,0.4,-2.3,-1.2,-3.5,-0.2,10.1,2.4,10.3,6.4,9.9,1.3,0.2,11.6,18
Derrick White,0.5,123,105,0.3,0.2,0.8,1.5,2.3,0.2,15.9,4,16.9,10.4,9.3,1.5,1.8,12.6,15.4
Josh Huestis,0.5,91,109,-0.5,1,-3.9,0,-3.9,-0.5,5.4,4.6,13.9,9.1,2.7,0.8,4,12,9.5
Matthew Dellavedova,0.5,104,115,0.3,0.2,-2.4,-2,-4.4,-0.4,8.6,2.3,8.2,5.3,27.4,1,0,23,13.5
Alex Caruso,0.5,98,109,-0.1,0.6,-3.8,0.9,-2.9,-0.1,8.7,2.9,9.4,6.2,17.8,2,1.4,24.5,12.9
Ron Baker,0.5,104,109,0.1,0.4,-2.8,2.4,-0.4,0.2,9.3,1.4,7.2,4.3,15.5,3.3,1.3,20.4,10
Kyle Collinsworth,0.5,98,108,-0.1,0.5,-3.5,0.9,-2.6,-0.1,10,7.2,18,12.4,16.4,1.8,1.7,17.1,13.3
Andrew Bogut,0.4,106,104,0.1,0.3,-4.7,1.9,-2.8,-0.1,10.9,12.9,25.4,19.2,9.1,0.9,4.9,42.3,8.8
Tyler Dorsey,0.4,100,114,0,0.4,-1.4,-1.5,-2.9,-0.2,10,1.9,12.9,7.4,12.5,0.9,0.4,8.3,20
Josh Magette,0.4,116,113,0.3,0.1,-2,-0.6,-2.6,0,11.9,1,8.8,4.9,36.4,1.8,0.4,15.4,11.8
Timofey Mozgov,0.4,103,110,0.1,0.3,-3.3,-0.6,-3.9,-0.2,12.3,9.4,19.7,14.5,4.8,0.7,2.7,23.7,16.8
Derrick Walton,0.4,123,106,0.2,0.2,-1.1,2.4,1.3,0.1,11.2,1.5,10.7,6.1,14.6,2.4,1.7,6.7,9.1
Patrick Beverley,0.4,102,110,0.1,0.3,-0.3,0.8,0.5,0.2,12.4,5.3,9.4,7.4,13.8,2.8,1.3,16.5,19.6
Damion Lee,0.4,100,110,0,0.4,-2.3,0.4,-1.9,0,12,3,16.6,9.8,11.2,2.3,0.2,7.8,19.3
Derrick Jones Jr.,0.4,107,109,0.1,0.2,-2.9,0.2,-2.7,0,10.1,9.6,7.8,8.7,5.1,0.8,4.4,9.9,12.8
Briante Weber,0.4,100,104,0,0.4,-4.1,2.8,-1.3,0,10.1,3.8,13.1,8.4,13.1,3.8,1.9,24,11.7
D'Angelo Russell,0.4,98,111,-0.5,0.9,0.8,-2,-1.2,0.3,15.2,2.6,13.8,8.1,35.7,1.4,1,16.8,30.8
Juancho Hernangómez,0.4,109,113,0.2,0.1,-1.6,-1.7,-3.3,-0.1,9.7,7.4,14.6,11,5.9,1.1,0.9,10.1,14
Nik Stauskas,0.3,101,113,0.1,0.3,-1.3,-1,-2.3,-0.1,9,0.8,12.3,6.5,11.1,0.8,0.6,13.5,15.9
Zach LaVine,0.3,99,111,-0.1,0.5,-0.8,-1.5,-2.3,-0.1,14.6,1.4,14.4,7.7,18.6,1.8,0.5,9.7,29.5
Malik Beasley,0.3,101,113,0.1,0.3,-2.4,-1.4,-3.8,-0.3,9,2.7,11,6.9,7.4,1.3,1,11.1,16.2
Wayne Selden,0.3,101,115,0.1,0.2,-0.9,-2.2,-3.1,-0.2,11.8,2.6,6.8,4.7,16,1.3,0.7,15.5,22.6
Jack Cooley,0.3,126,113,0.3,0,0.9,-1.4,-0.6,0,19.7,17.6,21.9,19.6,10.5,0.6,0,7.8,19.8
Ramon Sessions,0.3,101,112,0.1,0.3,-2.3,-0.9,-3.2,-0.1,11.2,1.7,9.1,5.4,27.2,1.8,0.4,17.4,19.3
Jordan Mickey,0.3,96,104,-0.1,0.4,-5.2,-0.3,-5.6,-0.3,10.6,7.1,24.9,16,4.8,1.1,3,16.6,17.1
Julyan Stone,0.3,123,110,0.2,0.2,-3.2,1.9,-1.3,0,7.6,0.6,17.6,9,19.2,1.1,1,33.5,5.2
Wade Baldwin,0.3,131,109,0.2,0.1,0.2,1.7,1.9,0.1,16.6,1.4,9.5,5.5,9.8,1.2,1,13.6,16.1
Terrence Ross,0.3,96,110,-0.2,0.5,-2.8,0.1,-2.7,-0.1,9.9,1.8,11.6,6.7,9.3,2.2,1.5,12.3,17.3
Johnathan Motley,0.3,106,110,0.1,0.2,-1.3,-2,-3.3,-0.1,17.2,8.5,22.9,15.5,7.1,0.9,1,9.3,24.9
Johnny O'Bryant,0.3,99,109,-0.1,0.4,-2.9,-1.5,-4.4,-0.2,11.9,8.1,18.6,13.3,5.9,1.2,1.3,7.6,22.5
Mirza Teletović,0.3,113,113,0.2,0.1,2.1,-1.7,0.4,0.1,13.5,2.2,14.7,8.5,9.5,1.3,0.5,10.9,18.2
Alec Peters,0.3,111,116,0.2,0,-0.5,-2.3,-2.8,0,10.7,3.7,14,8.8,7.9,0.4,0.7,4.9,15.5
Ryan Arcidiacono,0.3,105,112,0.1,0.2,-4.7,0.6,-4.1,-0.2,7.3,0.3,8.8,4.4,15.5,2.1,0,23,8.1
Dwight Buycks,0.2,97,109,-0.2,0.4,-2.3,-0.7,-3.1,-0.1,12.8,3,7.7,5.3,22.4,2.2,0.4,15.3,26.4
Mike James,0.2,99,113,-0.1,0.3,-0.5,-1,-1.5,0.1,13.9,2,12.2,7,29.4,2,0.8,12,25.1
Jabari Bird,0.2,107,106,0.1,0.2,-2.7,-0.4,-3.1,0,12.1,5.8,12.2,9,10.5,1.3,0.7,20.1,15.4
Jonathan Isaac,0.2,87,104,-0.6,0.8,-3.8,2.4,-1.4,0.1,9.8,3.3,17.2,10.2,4.8,3,4.5,14.8,15
Malcolm Miller,0.2,115,111,0.1,0.1,-0.8,-0.2,-1,0,8.9,3.6,9.6,6.7,3.2,0.4,1.3,14.4,12.1
Markelle Fultz,0.2,96,105,-0.2,0.4,-3.3,0.7,-2.6,0,12.4,4.9,13.1,9.2,31.3,2.3,1.3,12.4,23.1
Marcus Georges-Hunt,0.2,112,116,0.2,0,-4.3,-0.9,-5.1,-0.2,6.9,3.6,4.7,4.1,4.1,1.3,0,5,11.9
Rashad Vaughn,0.2,107,113,0.1,0.1,-1.3,-1.4,-2.6,0,9.3,1.6,9.8,5.7,8.7,1.2,1.2,9.3,13.7
Andre Ingram,0.2,124,107,0.1,0.1,1.7,2.5,4.3,0.1,16.3,1.7,8.3,5,15.3,2.2,3.8,14.1,14.1
Travis Wear,0.2,98,109,0,0.2,-3.7,0,-3.7,-0.1,6.9,0,17.6,8.9,4.2,0.8,1.8,7.4,15.2
Gary Payton II,0.2,99,110,0,0.2,-3.5,-0.4,-3.9,-0.1,9.8,6.5,15.5,11,13.7,1.5,1.1,8.2,16.8
Adreian Payne,0.2,140,109,0.1,0,1.8,0.6,2.4,0,18.8,5.1,18,11.5,0,2.3,0,13.7,15
Lorenzo Brown,0.2,102,108,0,0.1,-3.9,1.5,-2.5,0,8.2,0.8,11.1,6,12.4,1.8,0,7.9,11.9
Brice Johnson,0.2,96,99,0,0.2,-2.1,1.7,-0.4,0,18.2,10.4,25.5,17.9,3.4,4.5,5.5,10.2,22.3
Jordan Crawford,0.2,116,113,0.1,0,4.9,-0.7,4.2,0.1,19.1,4.2,4,4.1,37.7,0.9,1.5,15.4,26.5
Monte Morris,0.2,151,104,0.1,0,4.3,5,9.4,0.1,27.1,0,9,4.5,41.2,5.9,0,12.7,13.7
Jonathan Gibson,0.2,122,111,0.1,0,4.9,-0.8,4.1,0.1,25.4,0,8.1,4.1,22.6,0,0,11.5,29
Okaro White,0.2,120,110,0.1,0.1,-1,0.3,-0.7,0,8.9,4.2,11.2,7.7,3.5,0.6,1.1,5.5,10.3
Marshall Plumlee,0.2,129,111,0.1,0,-3.9,-0.6,-4.5,0,10.9,9,29.2,19.2,4.8,0,1.6,23,11.3
Isaiah Thomas,0.2,99,115,-0.1,0.3,-0.9,-3.9,-4.9,-0.6,12.6,2.2,6.3,4.2,27.1,0.8,0.3,16.6,28.8
Chris McCullough,0.2,104,108,0.1,0.1,-0.3,-1.5,-1.8,0,15.8,8.8,22.6,15.7,7.1,0,4.9,4,24.6
Jon Leuer,0.1,100,109,0,0.1,-4.3,-0.3,-4.6,-0.1,8.9,5.6,20.7,13,5.3,0.4,2,14.1,16.1
Alex Poythress,0.1,108,110,0.1,0.1,-3.8,-1.3,-5.1,-0.1,7.8,7.7,10.8,9.2,2.6,1.4,0.9,7.1,12
Dorian Finney-Smith,0.1,96,111,-0.2,0.3,-3.8,-0.8,-4.6,-0.3,7.6,5.3,13.6,9.3,8.4,1.1,0.8,14.1,15.1
Henry Ellenson,0.1,95,108,-0.2,0.4,-2.6,-1.9,-4.4,-0.2,10.5,3.3,24.3,13.6,9.4,0.8,0,10.2,23.8
Myke Henry,0.1,91,107,-0.3,0.4,-3.1,1.8,-1.3,0.1,9.7,3,8.8,5.8,8.9,4.1,1.5,14.4,15.7
Aaron Brooks,0.1,103,115,0.1,0.1,-2.6,-1.3,-3.8,-0.1,9.8,4.2,6.2,5.2,15.1,1.6,0,13,19.9
Arron Afflalo,0.1,98,115,-0.1,0.2,-3.8,-1.5,-5.4,-0.6,5.8,0.6,10.1,5.3,6.2,0.3,1.1,10.8,12.5
Brandon Jennings,0.1,99,111,0,0.1,-1.2,-2.2,-3.4,-0.1,12.7,2.9,14.8,8.9,31.1,1.5,1.7,19.1,20.8
Jalen Jones,0.1,98,110,0,0.2,-3.4,-2.6,-6,-0.2,10.3,7.7,15.7,11.6,3.5,1.4,0.5,8.4,20.9
Ike Anigbogu,0.1,114,104,0.1,0,1.8,0.1,1.9,0,21.6,19,15,16.9,0,1.7,8.9,14.7,20.3
Nick Collison,0.1,106,112,0.1,0,-2.3,-1.9,-4.2,0,13.2,10,19.9,14.8,8.2,0,0,22.1,18.2
Sean Kilpatrick,0.1,97,113,-0.2,0.3,-1.1,-1.7,-2.8,-0.1,11.6,0.8,14.2,7.5,11.3,1,0.7,10.4,24.9
Daniel Hamilton,0.1,118,108,0.1,0,1,1.3,2.3,0,18.2,0,20.5,9.9,44.2,1.8,0,15.4,19.9
Richard Jefferson,0.1,106,115,0.1,0,-3.5,-0.8,-4.3,-0.1,6.4,1.4,10.3,5.9,12,0.6,0.5,14.3,9.4
Tony Allen,0.1,95,110,-0.2,0.2,-5.2,-0.3,-5.5,-0.2,8.7,8.2,10.4,9.3,4.6,1.9,0.9,15.9,18.9
Alfonzo McKinnie,0.1,108,108,0,0.1,-2.6,-0.4,-3,0,10.1,2.2,12.4,7.4,2.7,0.9,1.5,15.5,16
Jameel Warney,0.1,119,113,0.1,0,2.5,-2.7,-0.2,0,22.5,15.9,21.3,18.5,0,0,0,6.6,25.6
David Stockton,0.1,162,113,0.1,0,6.7,1.1,7.9,0,33.9,0,0,0,0,0,0,17.4,28.8
Matt Costello,0.1,101,96,0,0.1,-6,5.3,-0.7,0,9.7,3.4,27.9,15.6,8.3,3.2,5.2,20,7
Dion Waiters,0.1,94,110,-0.7,0.8,-2.1,-1.4,-3.5,-0.4,10.5,1,8.5,4.7,19.8,1.3,0.8,13.7,25
Omari Johnson,0.1,108,114,0.1,0,-1.8,-2.7,-4.5,0,10.5,6,11.1,8.5,14.5,1.3,0,12.5,14.4
D.J. Wilson,0.1,104,111,0,0.1,-2,0,-2,0,10.3,3.3,13.2,8.3,6.1,2.1,1.2,19.2,13.3
Mangok Mathiang,0.1,122,103,0,0,-3.3,-1.3,-4.6,0,18,16,38.5,27.1,0,2.4,0,0,16.1
Thomas Bryant,0.1,100,108,0,0.1,-3.1,-0.2,-3.3,0,9.9,4.5,20.5,12.6,11.5,0.7,2.3,7.4,15.9
Jacob Wiley,0.1,119,108,0,0,-3.6,1.4,-2.3,0,8.2,6.4,29.2,17.7,8,1.5,0,0,6.4
Joel Bolomboy,0.1,109,111,0,0,-2.6,-2.4,-5,0,11.7,18.6,12.3,15.4,0,2.6,0,18.8,12.6
Joakim Noah,0.1,100,105,0,0.1,-2.5,1.7,-0.8,0,15.6,16.7,22.1,19.4,14,2.5,4.3,25.4,17.2
Dragan Bender,0.1,95,114,-0.7,0.8,-2.9,-0.8,-3.7,-0.9,7.1,2,16.8,9.3,8.9,0.5,2.1,18.1,12.7
Damian Jones,0.1,99,111,0,0.1,-5.3,-1.8,-7.1,-0.1,6.8,6.8,10.6,8.8,2.9,0.5,2.7,14.2,13.9
Naz Mitrou-Long,0.1,300,113,0.1,0,199.4,42.7,242.2,0,133.8,0,0,0,0,0,0,0,45
Gian Clavell,0.1,102,111,0,0,-2.7,0.5,-2.2,0,7.4,1.7,10.8,6.1,6.7,1.6,0,9.6,14.8
James Young,0.1,106,113,0,0,-4.5,-2.4,-6.9,-0.1,4.6,0,3.4,1.8,4.3,0,0,5.7,12.3
Anthony Brown,0,279,120,0,0,26.2,4.3,30.5,0,41.9,0,0,0,41.7,0,0,0,11.1
Jeremy Lin,0,110,119,0,0,-1,-4.4,-5.4,0,15.9,0,0,0,27.1,0,0,16.6,31.3
Devin Robinson,0,103,102,0,0,-4.2,2.1,-2.1,0,10.5,17.4,26,21.7,0,3.8,0,0,10.2
R.J. Hunter,0,92,105,0,0.1,-5.2,1.9,-3.3,0,8.5,0,12.4,6.3,10.3,3.3,0,8.7,22.5
Tony Bradley,0,95,107,0,0,-3,-4.5,-7.5,0,9.5,15.8,27.1,21.5,5,0,0,0,18.4
Reggie Hearn,0,143,116,0,0,2.9,-1.4,1.5,0,13.1,0,0,0,0,0,0,0,12.7
Jason Smith,0,93,110,-0.2,0.3,-5.4,-1,-6.4,-0.3,8.8,7.2,13.9,10.5,7.4,0.5,4,11.4,21.7
Edmond Sumner,0,200,101,0,0,-2.4,9.3,6.9,0,39.8,0,56.1,28.2,0,0,0,0,22.3
Vince Hunter,0,104,107,0,0,10.4,-0.7,9.7,0,35.8,32.3,16.9,24.8,0,0,13.4,16.7,38.5
Ben Moore,0,222,113,0,0,-10.5,1.3,-9.3,0,-2.3,0,12.5,6.3,13.1,0,0,,0
Justin Patton,0,101,92,0,0,-2.2,5.4,3.2,0,19.8,0,0,0,0,12.5,0,0,22.1
Georgios Papagiannis,0,91,107,-0.1,0.1,-3.9,-0.3,-4.1,-0.1,12.2,11.6,23.4,17.2,11.2,1.6,4.7,16,18.4
James Michael McAdoo,0,94,108,0,0,-2.3,-0.7,-3,0,7.4,0,11.5,6,0,0,4.6,11.3,21
Kendrick Perkins,0,97,111,0,0,-4.3,2.1,-2.2,0,8.4,0,7.4,3.7,17.3,3.3,0,25.8,11.4
Gordon Hayward,0,99,107,0,0,-6.6,-0.8,-7.4,0,7.3,0,21.6,10.9,0,0,0,0,17.9
Trey McKinney-Jones,0,,117,0,0,-6.2,-2.3,-8.5,0,0,0,0,0,0,0,0,,0
Tyler Lydon,0,,120,0,0,-3.9,-1.6,-5.4,0,0,0,0,0,0,0,0,,0
Jeremy Evans,0,96,119,0,0,-5.7,-4.2,-9.9,0,10.4,22.3,0,11.2,0,0,0,50,17.5
Josh Smith,0,94,115,0,0,-8.4,-6.2,-14.6,0,3.5,28.1,8.7,18.1,0,0,0,0,14.4
Marcus Paige,0,96,114,0,0,-5.6,-3.2,-8.8,0,9.1,0,15.7,7.7,16.1,0,0,0,23
Luol Deng,0,77,109,0,0,-5.3,2.4,-2.9,0,5.5,0,0,0,10.1,3.7,0,33.3,9.8
Alan Williams,0,86,105,-0.1,0.1,-7.3,2.3,-5,-0.1,9.3,4.5,29.5,16.8,16.3,3.4,1.2,24.2,17.5
Malik Monk,0,96,112,-0.5,0.5,-1.3,-2,-3.4,-0.3,10.2,1,7.5,4.2,16.9,1.1,0.9,10,24.9
Furkan Korkmaz,0,86,107,-0.1,0.1,-6.6,-1,-7.6,-0.1,3.4,2.8,11.7,7.4,6.7,1.2,1,6.3,16.9
Aaron Jackson,0,91,114,0,0,-6.6,-2.3,-8.9,-0.1,2.4,6.5,3.2,4.8,4,0,0,9.2,13.7
Caleb Swanigan,0,88,105,-0.3,0.3,-6.6,1.2,-5.5,-0.2,7.5,8.7,22.3,15.6,10.8,1.3,1.3,20.9,20
Isaiah Hicks,0,95,113,-0.1,0.1,-6.4,-1.2,-7.6,-0.3,6.8,4.6,14.3,9.5,9.5,0.4,1.4,16.7,17.4
Cole Aldrich,0,85,107,-0.1,0.1,-6.8,-0.7,-7.5,-0.1,6,7,28.6,17.6,8.2,2,1.8,5.4,16.8
Antonius Cleveland,0,78,107,-0.2,0.2,-7.6,2.4,-5.2,-0.1,4.5,2.7,10.2,6.3,2.2,2.8,3.6,22.8,11.1
Chris Boucher,0,0,88,0,0,-21.7,-11.4,-33.1,0,-28.5,0,100,55.9,0,0,0,0,43.9
Georges Niang,0,81,101,-0.1,0.1,-4.9,0.9,-4,0,9.2,10.8,21.1,16,14,3.1,0,20.2,20.9
Tim Quarterman,0,78,109,0,0,-8.5,-1.2,-9.7,0,2.9,0,25.8,13,10.6,0,0,34,20
Josh McRoberts,0,0,117,0,0,-17.9,-3.6,-21.4,0,-12.5,0,0,0,0,0,0,0,7.6
PJ Dozier,0,59,107,0,0,-17.7,-2.7,-20.4,0,-5,0,38.3,18.5,0,0,0,33.3,42.9
Jacob Pullen,0,60,114,0,0,-8.3,-4.4,-12.7,0,-2.3,0,0,0,0,0,0,33.3,21.3
Jarell Eddie,0,0,100,0,0,-9.1,0.8,-8.3,0,-1.9,0,12,6.1,0,5.6,0,0,9.8
Darrun Hilliard,0,84,110,-0.1,0.1,-7.1,-0.8,-7.9,-0.1,3.4,0,8.2,4.1,15.3,1.1,0,15.3,12.3
Darrell Arthur,0,90,109,-0.2,0.1,-4.8,-0.5,-5.3,-0.1,8.4,2.4,9.5,6,9.3,2.8,1.8,23.7,19.5
Derrick Williams,0,55,114,0,0,-9.8,-7,-16.8,0,-3.2,0,11.7,5.9,0,0,0,0,18.9
Xavier Silas,0,27,93,-0.1,0,-11.7,3.5,-8.1,0,-4.9,15.8,15.4,15.6,0,7.1,0,0,19.1
Iman Shumpert,0,91,112,-0.2,0.2,-3.4,0,-3.3,-0.1,6.4,2.9,13.6,8.3,8.1,1.6,1.2,19.9,12.9
Jamel Artis,0,94,114,-0.1,0.1,-3.8,-1.6,-5.4,-0.2,6.9,1.6,13.5,7.5,9.3,0.4,0.9,8.7,14.5
Nicolás Brussino,0,0,111,0,0,-8.1,-3.2,-11.3,0,-4.6,0,33.5,16.7,0,0,0,0,8.7
Kyle Singler,0,88,111,-0.1,0,-5,-1.6,-6.7,-0.1,5.9,1.8,17.5,9.4,4.8,0.8,0,10.1,21.6
Scotty Hopson,0,53,118,0,0,-9.2,-4.7,-14,0,-4.6,0,0,0,15.8,0,0,34.7,16.3
Markel Brown,0,74,111,-0.1,0,-8.8,-2,-10.8,-0.1,-1.2,3.7,14.4,9.1,8.7,0,0,22.2,12.8
Antonio Blakeney,0,96,114,-0.2,0.1,-2.8,-2.4,-5.2,-0.3,10.1,1.3,10.3,5.6,10.1,1.1,0.3,6.4,23.7
Jeff Withey,0,80,106,-0.1,0.1,-4.4,-0.6,-5,0,8.3,2.8,26.6,14.2,0,0,6.8,10.6,22
Mindaugas Kuzminskas,0,0,120,0,0,-33,-21.7,-54.7,0,-41.1,0,0,0,0,0,0,0,43.7
Matt Williams,0,70,113,-0.1,0,-7,-4.2,-11.2,0,-0.7,0,10.2,5.1,0,0,0,14.3,28.6
Bruno Caboclo,0,86,110,-0.1,0.1,-4.8,-1,-5.8,-0.1,7.4,7.1,16.6,11.7,5,1.4,3.5,10.6,15.8
Emmanuel Mudiay,0,96,113,-0.8,0.7,-2.1,-1.8,-3.9,-0.6,11.5,2.3,11.3,6.8,24.5,1.6,0.8,16.2,24.4
Walt Lemon Jr.,-0.1,88,114,-0.1,0,-5.3,-2.9,-8.2,-0.1,6.9,0,6,3.1,21.1,0,2.3,18.8,26.4
Nate Wolters,-0.1,58,112,-0.1,0,-9.4,-3.4,-12.8,-0.1,-2.9,6,5.9,6,7.1,0,0,0,14.2
Solomon Hill,-0.1,84,109,-0.2,0.2,-5.3,0.5,-4.8,-0.1,4.8,5.4,15.1,10.4,14.4,1.8,0.4,17.1,12.2
Erik McCree,-0.1,0,96,-0.1,0,-14.7,1,-13.7,0,-8.9,0,14,7.1,0,6.3,0,33.3,16.9
Marquis Teague,-0.1,83,112,-0.1,0,-5.4,-0.4,-5.7,-0.1,5.7,1.5,8,4.7,24.7,2.7,0,14.2,12.9
Damien Wilkins,-0.1,89,113,-0.1,0.1,-4.2,-1.9,-6.1,-0.2,4.9,3.7,8.1,5.9,7.8,0.7,0.6,10.9,13.4
Aaron Harrison,-0.1,87,110,-0.3,0.2,-6.8,-0.6,-7.5,-0.3,5.1,1.8,9.9,5.7,6.7,1.9,0.8,3.8,15.5
Chinanu Onuaku,-0.1,62,111,-0.1,0,-13,-1.7,-14.7,-0.1,-3.2,5.2,15.2,10.2,6.4,0,0,37.5,16.1
Jake Layman,-0.1,81,107,-0.3,0.2,-4.8,0.4,-4.3,-0.1,4.9,2.8,8.1,5.5,9.4,1.9,2,9.4,14.6
Luis Montero,-0.1,0,109,-0.1,0,-19,-6.6,-25.6,0,-15.5,0,28.2,13.8,0,0,0,66.7,16.6
Demetrius Jackson,-0.1,77,105,-0.2,0.1,-6.1,0.9,-5.2,-0.1,5.4,7.1,9.8,8.4,15.9,3.1,1.1,34.6,15.8
Ömer Aşık,-0.1,76,110,-0.2,0.2,-6.5,-1.5,-8,-0.3,3.1,5.5,22.2,14,2.1,0.5,1.9,24.5,8.7
Kadeem Allen,-0.1,78,106,-0.2,0.1,-8.3,0.6,-7.7,-0.2,2.6,4.1,7.1,5.6,15.2,1.4,1.6,25.7,14.6
Xavier Munford,-0.1,64,114,-0.1,0,-9.3,-2,-11.3,0,-2.1,5.6,0,2.8,24.6,2.4,0,22.5,19.1
Nigel Hayes,-0.1,82,112,-0.2,0.1,-3.7,-0.1,-3.8,-0.1,6.4,3.6,17.5,10.3,6.7,0.8,2.3,5.5,13.3
Udonis Haslem,-0.1,71,111,-0.1,0.1,-5.9,-1.8,-7.7,-0.1,1.8,4.7,10.9,7.8,9.2,0,2.4,11.2,11.1
Larry Drew II,-0.1,87,117,-0.1,0,-5.6,-3.4,-9,-0.1,2.9,4.8,0,2.3,18.5,0,0,11.1,16.6
Vander Blue,-0.1,52,114,-0.1,0,-7.6,-0.7,-8.4,-0.1,-1.8,0,2.3,1.2,8.2,1.1,0,33.8,8.4
James Webb III,-0.1,81,114,-0.1,0,-5.5,-2.8,-8.3,-0.2,2.2,7,14.3,10.6,4.5,0.4,0,14.3,10.1
Malachi Richardson,-0.1,91,114,-0.2,0.1,-5,-1,-6,-0.3,5.9,1.7,10.6,6,5.6,1.6,0.3,9.1,15.2
Dwayne Bacon,-0.1,88,111,-0.7,0.6,-4.8,0.1,-4.7,-0.5,5.8,0.6,18.5,9.4,7.5,1.1,0.2,10.2,13.7
Jaylen Morris,-0.1,83,113,-0.2,0.1,-4.4,-1,-5.4,-0.1,6.5,2.3,15.9,9.1,10.8,1,0.9,15.8,16.9
London Perrantes,-0.1,68,115,-0.1,0,-8.3,-0.9,-9.2,-0.1,0.7,1.7,5,3.4,9.4,1.5,1.3,6.2,10.9
Isaiah Whitehead,-0.1,90,110,-0.3,0.2,-3.4,-0.4,-3.8,-0.1,11.5,2.3,13.1,7.7,19.6,2.2,0.8,20.3,28.5
Milton Doyle,-0.1,81,109,-0.3,0.1,-6.6,-0.2,-6.8,-0.1,5.2,2.5,12.9,7.6,11.7,2.3,1.2,3.8,18.2
Abdel Nader,-0.1,83,105,-0.9,0.8,-5.5,0.2,-5.3,-0.4,5.1,2.8,12,7.4,7.1,1.4,1.6,17,17.1
Andrew White,-0.1,88,113,-0.2,0.1,-3.4,-2.1,-5.5,-0.2,5.8,2.1,16,9.1,4.3,0.7,0.4,9.7,17.3
Derrick Rose,-0.2,97,116,-0.2,0.1,-2.1,-3.3,-5.4,-0.4,11.5,3.5,5.8,4.7,13.6,0.8,0.8,14.5,25.4
Kobi Simmons,-0.2,94,115,-0.4,0.2,-4.7,-2.1,-6.9,-0.8,7.7,2.5,6.6,4.5,16.5,1.4,0.7,18,17
Jawun Evans,-0.2,90,111,-0.8,0.6,-5.4,0.4,-5,-0.6,7.2,1.3,10.4,5.9,17.8,2.3,0.6,13.8,17.7
John Holland,-0.2,84,112,-0.3,0.1,-3.6,-1.9,-5.5,-0.2,5.9,3.9,11.4,7.7,3.9,2,1,11,18.5
Charles Cooke,-0.2,45,113,-0.2,0,-10.4,-4,-14.4,-0.1,-5.1,0,5.5,2.9,3.2,1.3,0,6.3,18.1
Bobby Brown,-0.2,83,110,-0.3,0.1,-4.9,-2.3,-7.2,-0.2,5.5,0,6.8,3.4,15,1.7,0,13.3,26.1
Quincy Pondexter,-0.2,81,111,-0.3,0.1,-7,-0.4,-7.4,-0.3,4,4.2,10.8,7.4,6.3,2,0.9,16.3,15
Avery Bradley,-0.2,92,110,-1.4,1.2,-3,-1,-4,-0.7,9.6,1.7,7.3,4.5,10.4,1.8,0.5,13.3,23.5
Josh Gray,-0.2,76,107,-0.3,0.1,-5.2,1,-4.2,0,7.2,2.4,10.1,6.2,20.8,4.5,1.9,13.2,26.1
Tyler Ulis,-0.2,96,115,-0.7,0.5,-3,-1.4,-4.4,-1,10.1,1.5,6.8,4.1,28,2,0.3,17.6,18.5
Zhou Qi,-0.3,61,102,-0.5,0.2,-10.3,0.2,-10.1,-0.3,1.9,5.5,14.4,10,2.1,0.8,9.6,21.2,16.8
Davon Reed,-0.3,80,112,-0.5,0.2,-5.8,-0.6,-6.4,-0.3,4.8,0.9,16.6,8.6,7.6,2,0.7,11,16
Rodney Purvis,-0.3,86,115,-0.4,0.1,-6.1,-2.1,-8.2,-0.5,4.5,0.4,9.9,5.1,8.5,0.5,0.8,8.1,18.7
DeAndre' Bembry,-0.4,83,109,-0.9,0.5,-5.1,0.3,-4.7,-0.3,7.6,2,15.7,8.8,15.9,2.3,2.3,24.8,18.2
Xavier Rathan-Mayes,-0.4,67,111,-0.5,0.1,-9.9,-1.6,-11.5,-0.3,0.9,0,5,2.5,23,2.6,2.4,19.3,21.7
Kay Felder,-0.5,76,113,-0.6,0.1,-7.7,-3.4,-11.1,-0.3,3.6,2.3,12,6.9,22,1,0.6,17.5,28.4
Paul Zipser,-0.6,84,112,-1.1,0.6,-5.5,-0.5,-6.1,-0.8,5.2,1.6,16,8.5,8,1.2,1.6,14.9,15.2
De'Aaron Fox,-0.6,94,113,-1.7,1.1,-2.7,-1.5,-4.2,-1.1,11.2,1.8,10,5.7,24.6,1.7,0.9,16.4,23.4
Dennis Smith Jr.,-0.7,93,110,-2.4,1.7,-1.2,-1.2,-2.4,-0.2,12.8,2.6,11.8,7,29.5,1.7,0.8,14.9,28.9
Josh Jackson,-0.7,93,112,-2,1.2,-2.8,-1.4,-4.2,-1.1,11.8,5.1,14.2,9.6,10.1,2,1.4,12.2,26
Frank Ntilikina,-0.9,89,112,-2,1.1,-4.5,-0.5,-5,-1.3,7,2.4,9.1,5.8,20,1.9,0.9,19.8,16.9